run_id,doc_id,language,model,status,valid_json,accuracy,hallucinations,misses,latency_s,input_tokens,output_tokens,cost_usd,error
run_20260928_121819,AB-2025-02456-RFP #25-004ERP Requirements Analysis and Readiness Review_Final (1),en,model_a,ok,True,0.456,3,0,31.031,19912,2371,0.0,
run_20260928_121819,AB-2025-02456-RFP #25-004ERP Requirements Analysis and Readiness Review_Final (1),en,model_b,ok,True,0.595,0,2,19.287,21681,1739,0.004296,
run_20260928_121819,AB-2025-02456-RFP 25-004 ERP Requirements Analysis and Readiness Review_AR,ar,model_a,ok,True,0.294,0,4,17.191,29919,1059,0.0,
run_20260928_121819,AB-2025-02456-RFP 25-004 ERP Requirements Analysis and Readiness Review_AR,ar,model_b,ok,True,0.49,0,4,17.642,27576,1618,0.005107,
run_20260928_121819,AB-2026-05648-197-2027 RFP Learning Management System (LMS) Platform  Support (2),en,model_a,ok,True,0.457,0,1,23.284,20023,1731,0.0,
run_20260928_121819,AB-2026-05648-197-2027 RFP Learning Management System (LMS) Platform  Support (2),en,model_b,ok,True,0.422,0,5,15.809,21607,1494,0.004137,
run_20260928_121819,AB-2026-05648-197-2027 RFP Learning Management System (LMS) Platform Support_AR,ar,model_a,ok,True,0.191,1,0,31.888,30132,2080,0.0,
run_20260928_121819,AB-2026-05648-197-2027 RFP Learning Management System (LMS) Platform Support_AR,ar,model_b,ok,True,0.383,0,6,20.883,28325,1681,0.005257,
run_20260928_121819,City of Medicine Hat - LMS tender,en,model_a,ok,True,0.558,0,0,25.99,15520,2093,0.0,
run_20260928_121819,City of Medicine Hat - LMS tender,en,model_b,ok,True,0.454,0,5,15.22,17336,1350,0.00341,
run_20260928_121819,City of Medicine Hat - LMS tender_AR,ar,model_a,error,False,,,,53.669,21788,4000,0.0,Answer cut off: hit the max_tokens limit
run_20260928_121819,City of Medicine Hat - LMS tender_AR,ar,model_b,ok,True,0.392,0,0,26.265,20723,2376,0.004534,
run_20260928_121819,EN_-_ERP_RFP_24.25.04,en,model_a,ok,True,0.626,0,0,21.047,14204,1697,0.0,
run_20260928_121819,EN_-_ERP_RFP_24.25.04,en,model_b,ok,True,0.724,0,0,24.35,15995,1994,0.003596,
run_20260928_121819,EN_-_ERP_RFP_24.25.04_AR,ar,model_a,ok,True,0.578,0,2,24.03,20638,1740,0.0,
run_20260928_121819,EN_-_ERP_RFP_24.25.04_AR,ar,model_b,ok,True,0.671,0,0,29.089,19918,2216,0.004317,
run_20260928_121819,RFP CP-730126 Generative AI RFP (4),en,model_a,ok,True,0.365,1,0,30.049,18654,2328,0.0,
run_20260928_121819,RFP CP-730126 Generative AI RFP (4),en,model_b,ok,True,0.555,0,3,23.488,20375,1885,0.004187,
run_20260928_121819,RFP CP-730126 Generative AI RFP_AR,ar,model_a,ok,True,0.118,1,0,34.052,26116,2325,0.0,
run_20260928_121819,RFP CP-730126 Generative AI RFP_AR,ar,model_b,ok,True,0.451,0,1,24.543,24689,2181,0.005012,
